证券代码,年度,挂牌日期,主办券商,所属园区,所属证监会行业,摘牌日期,挂牌年度,挂牌月份,证券简称,资产总计,归属母公司股东的权益,营业收入,营业成本,销售费用,管理费用,财务费用,归属母公司股东的净利润,非经常性损益,扣除非经常性损益后的净利,经营活动产生的现金流量净额,应收账款,固定资产,ROA,折旧,长期待摊费用摊销,存货的减少,经营性应收项目的减少,经营性应付项目的增加,实际披露日期,报告期,挂牌前后,relativeYear
430418.OC,2008,2014-01-24,东吴证券股份有限公司,苏州高新区,通用设备制造业,,2014,1,苏轴股份,79271746.54,25982855.39,87394213.88,59947494.4,2989065.04,15864623.15,1845494.06,5383898.13,,,7536141.38,19429466.13,28937109.82,6.7917,2519490.06,,-4390323.98,2642455.54,-355963.1,,,挂牌前,-5
430489.OC,2008,2014-02-17,国元证券股份有限公司,非高新产业区,化学原料和化学制品制造业,,2014,2,佳先股份,33613271.38,15586685.92,32708279,27623439.35,1032957.24,1749409.11,268098.06,3942266.86,,,7867878.27,1244911.78,4951551.82,11.7283,537827.45,38750.64,-2785703.61,-1060695.45,6885766.11,,,挂牌前,-5
430680.OC,2007,2014-04-10,首创证券有限责任公司,非高新产业区,非金属矿物制品业,,2014,4,联兴科技,104512341.56,50503145.38,8353691.77,6470978.43,,1131763.01,-12.93,503145.38,,,11946538.19,,16164849.29,,154851.73,,-8184927.04,-1461163.68,20973496.18,,,挂牌前,-6
430680.OC,2008,2014-04-10,首创证券有限责任公司,非高新产业区,非金属矿物制品业,,2014,4,联兴科技,295266301.9,103305693.44,201066482.3,172778829.25,2558209.82,3873585.81,281201.37,15884744.06,,,73032127.79,1337995.39,169211668.51,7.9468,5979301.19,,-14309938.7,-24299918,88378145.64,,,挂牌前,-5
430707.OC,2008,2014-04-25,国金证券股份有限公司,非高新产业区,非金属矿物制品业,,2014,4,欧神诺,860062903.79,234035583.09,599781829.09,423840120.47,41838815.43,70399255.4,21625519.3,31445217.11,,,19675088.07,117830490.77,280057831.66,3.6562,23041997.9,,-99269895.1,-43089961.61,85638367.39,,,挂牌前,-5
430714.OC,2008,2014-04-30,恒泰证券股份有限公司,非高新产业区,电气机械和器材制造业,,2014,4,奇才股份,,,168000000,,,,,,,,,,,,,,,,,,,挂牌前,-5
430742.OC,2009,2014-05-06,申万宏源证券有限公司,非高新产业区,专业技术服务业,,2014,5,光维通信,114590123.49,62263465.88,209472373.64,158663031.84,2419068.11,20271758.05,-191092.55,21647055.72,724070.19,20922985.53,7082973.44,33873728.4,23805011.83,18.8909,1433400,,-13641000,-6927800,4472000,,,挂牌前,-5
830849.OC,2007,2014-07-11,中信建投证券股份有限公司,非高新产业区,专用设备制造业,,2014,7,平原非标,116537035.15,34505260.97,101864055.48,73256980.75,5640,7077923.47,573816.54,12565883.03,,,13968790.52,29174566.5,4303653.84,10.7827,1593528.52,,-4777203.4,63993348.49,-61467894.11,,,挂牌前,-7
830849.OC,2008,2014-07-11,中信建投证券股份有限公司,非高新产业区,专用设备制造业,,2014,7,平原非标,160200869.74,48815099.22,163896153.46,130461147.21,343239.91,9880512.63,2436928.26,13612569.4,,,-11200799.97,35433952.91,33383172.97,9.8379,1259779.46,,-7057216.88,-2264196.75,-18433198.94,,,挂牌前,-6
830849.OC,2009,2014-07-11,中信建投证券股份有限公司,非高新产业区,专用设备制造业,,2014,7,平原非标,174305900.97,69170286.48,183452800.06,134848904.37,490952.73,15311123.28,4287361.5,20355187.26,,,1754264.31,56251609.18,37777872.48,12.1703,2403451.42,,260029.68,-6198821.91,-26623116.99,,,挂牌前,-5
830937.OC,2009,2014-08-11,财富证券有限责任公司,长沙高新区,通用设备制造业,,2014,8,信达智能,40079406.04,18775121.09,13517916.81,11612783.65,522460.15,1751098.07,63723.65,-952522.05,,,-20250154.74,6930580.12,2555009.91,-2.3766,,,,,,,,挂牌前,-5
830978.OC,2007,2014-08-08,国信证券股份有限公司,非高新产业区,软件和信息技术服务业,,2014,8,先临三维,13746368.18,11304952.9,12159487.52,5854642.91,764278.75,1318132.27,60202.45,4264389.54,1265447.9,2998941.64,-352777.23,1271415.42,458151.07,31.0219,,,,,,,,挂牌前,-5
831006.OC,2009,2014-08-19,申万宏源证券有限公司,非高新产业区,化学原料和化学制品制造业,,2014,8,久易农业,74548563.2,42542101.29,72638473.19,53298203.43,3291908.04,3577196.87,-53327.02,10528700.82,,,-15046544.22,12860819.63,13432085.5,14.1233,786483.67,,-11244822.21,-16903217.43,1432666.88,,,挂牌前,-5
831029.OC,2009,2014-08-29,申万宏源证券有限公司,非高新产业区,农、林、牧、渔服务业,,2014,8,银丰棉花,1542622014.85,98079103.94,1922614572.44,1823319723.3,29220665.24,24561752.45,28647842.06,26686243.05,684538.26,26001704.79,-4511069.78,37144628.49,117852966.16,1.7202,,,,,,,,挂牌前,-5
831039.OC,2007,2014-08-19,海通证券股份有限公司,非高新产业区,专业技术服务业,,2014,8,国义招标,349989148.95,71632845.93,208840370.97,159764395.2,14487766.14,5729832.52,-3287341.13,19346727.13,306295.87,19040400,-104454617.17,8454718.23,16508264.55,5.5278,446600,162500,-15805600,-113168400,3799600,,,挂牌前,-5
831074.OC,2007,2014-08-20,首创证券有限责任公司,非高新产业区,通用设备制造业,,2014,8,佳力科技,435728957.8,157049688.44,229040858.24,168909169.58,9373540.54,23323932.9,12485247.05,14092991.36,4117700,9975300,8536000.4,81487075.3,168024797.16,3.2344,14940388.02,,-14320831.74,7380055.66,-27888502.7,,,挂牌前,-6
831074.OC,2008,2014-08-20,首创证券有限责任公司,非高新产业区,通用设备制造业,,2014,8,佳力科技,577102083.93,229106345.44,383956914.19,280302022.09,16767766.36,24537609.78,13230701.02,44265476,3333362.54,40932113.46,85108090.64,102757862.75,162266747.95,8.5848,15936200,,-61407000,-20754600,86969600,,,挂牌前,-5
831099.OC,2009,2014-08-29,东方花旗证券有限公司,非高新产业区,房屋建筑业,,2014,8,维泰股份,823501976.96,239607021.21,649575217.61,507705996.45,,37310425.5,3799234.63,52080212.98,,,-27975938.24,60885680.44,52190750.14,6.4426,8469029.35,568531.07,-262576135.78,-37944830.2,197988915.87,,,挂牌前,-5
831125.OC,2008,2014-08-29,广州证券股份有限公司,非高新产业区,仪器仪表制造业,,2014,8,欧安电气,28753566.52,10413596.68,34112578.67,24271792.66,942749.97,1078638.33,156579.81,6329579.02,,,5311369.77,5369752.67,536580.27,22.0132,177984.26,,-4083559.69,507122.43,2208958.19,,,挂牌前,-6
831125.OC,2009,2014-08-29,广州证券股份有限公司,非高新产业区,仪器仪表制造业,,2014,8,欧安电气,49723315.92,21614828.29,39448180.33,29502900.94,1434491.86,1847161.58,358781.03,4501231.61,,,7649926.29,8193637.68,1491851.19,11.4715,263361.26,,-4766962.3,1740218.08,5491712.72,,,挂牌前,-5
831131.OC,2007,2014-09-02,海通证券股份有限公司,非高新产业区,黑色金属矿采选业,,2014,9,兴宏泰,473095097.03,253746724.71,312882283.21,145041333.55,55379305.3,19259271.25,922276.17,64882563.26,-322900,65205400,35821985.77,10325518.19,80530951.81,14.8283,,,,,,,,挂牌前,-5
831171.OC,2009,2014-10-08,广发证券股份有限公司,非高新产业区,食品制造业,,2014,10,海纳生物,57312654.78,18991657.87,90743309.53,69392664.94,7721018.55,5893801.63,553625.83,7115772.17,,,-10371525.95,22978174.69,5300503.46,12.4157,,,,,,,,挂牌前,-5
831289.OC,2008,2014-11-07,西南证券股份有限公司,非高新产业区,铁路、船舶、航空航天和其他运输设备制造业,,2014,11,丰泽股份,47714800,31392300,17723500,,,,,77300,,,-10620000,,,0.162,,,,,,,,挂牌前,-6
831289.OC,2009,2014-11-07,西南证券股份有限公司,非高新产业区,铁路、船舶、航空航天和其他运输设备制造业,,2014,11,丰泽股份,65869800,32017200,51230300,,,,,624900,,,5750700,,,1.1003,,,,,,,,挂牌前,-5
831387.OC,2007,2014-12-02,中泰证券股份有限公司,非高新产业区,专用设备制造业,,2014,12,华特磁电,,,260220000,,,,,,,,,,,,,,,,,,,挂牌前,-7
831387.OC,2008,2014-12-02,中泰证券股份有限公司,非高新产业区,专用设备制造业,,2014,12,华特磁电,,,317750000,,,,,,,,,,,,,,,,,,,挂牌前,-6
831387.OC,2009,2014-12-02,中泰证券股份有限公司,非高新产业区,专用设备制造业,,2014,12,华特磁电,,,393750000,,,,,,,,,,,,,,,,,,,挂牌前,-5
831434.OC,2009,2014-12-30,长城证券股份有限公司,非高新产业区,专用设备制造业,,2014,12,巨创计量,21584805.43,4914857.91,13984902.48,9969746.98,1749195.08,2210444.92,-1111.86,-327318.56,,,-1953946.07,4506364.28,1946674.94,-1.5164,359287.08,,-5828688.56,-529071.48,4018321.91,,,挂牌前,-5
831628.OC,2005,2014-12-31,中信建投证券股份有限公司,非高新产业区,有色金属冶炼和压延加工业,,2014,12,西部超导,291776198.35,146193286.28,139739275.05,106151907.22,1497523.06,11879050.81,3769515.51,16486775.18,,,,31128492.17,77154316.38,,,,,,,2010-03-11,2005-12-31,挂牌前,-9
831628.OC,2006,2014-12-31,中信建投证券股份有限公司,非高新产业区,有色金属冶炼和压延加工业,,2014,12,西部超导,520867145.83,162099590.92,288793600.68,234958648.24,3288967.75,15271881.9,8395053.47,28106304.64,,,-6708576.39,41776637.97,140714182.43,6.9173,6400315.62,3440111.78,-126394859.15,-14437209.41,83509263.61,2010-03-11,2006-12-31,挂牌前,-8
831628.OC,2007,2014-12-31,中信建投证券股份有限公司,非高新产业区,有色金属冶炼和压延加工业,,2014,12,西部超导,593224046.58,292404553.38,377636565.04,349020864.54,8155046.22,20069652.83,12123480.1,33295811.97,,,41455083.46,58991335.86,222150971.53,5.9772,9738368.11,,-7083584.96,-23317118.31,11374075.89,2010-03-11,2007-12-31,挂牌前,-7
831628.OC,2008,2014-12-31,中信建投证券股份有限公司,非高新产业区,有色金属冶炼和压延加工业,,2014,12,西部超导,727553381.43,307266354.33,390426870.84,355957260.06,7021702.75,27062515.82,13303316.82,37384800.95,,,5424979.86,89744107.89,252627265.14,5.661,12511480.45,,-60380092.01,-16844702.08,13712065.86,2010-03-11,2008-12-31,挂牌前,-6
831628.OC,2009,2014-12-31,中信建投证券股份有限公司,非高新产业区,有色金属冶炼和压延加工业,,2014,12,西部超导,1089747683.07,329362751.55,315577716.68,193047969.71,6187713.31,32943378.9,16069138.7,59231443.53,,,185824351.77,142419811.11,311419388.76,6.5186,15517451.26,,-26223938.82,-80501941.38,195651365.94,2010-04-19,2009-12-31,挂牌前,-5
831687.OC,2008,2015-01-15,新时代证券股份有限公司,非高新产业区,皮革、毛皮、羽毛及其制品和制鞋业,,2015,1,亨达股份,388526733.91,194416612.33,303475834.99,185952563.48,9541033.3,25224464.7,9508594.35,69355495.86,344296.65,69011199.21,36171505.37,59451055.36,55223435.67,17.8509,,,,,,,,挂牌前,-5
831730.OC,2009,2015-02-17,方正证券股份有限公司,非高新产业区,医药制造业,,2015,2,亚诺生物,154093866.75,32878618.24,132233582.98,100651444.84,7688577.2,10138384.3,6755983.43,4940151.19,,,5927859.51,21342160.03,66132254.37,,5748772.23,39999.96,-3247228.78,5678405.14,-14032295.72,,,挂牌前,-5
831741.OC,2009,2015-01-22,长江证券股份有限公司,非高新产业区,计算机、通信和其他电子设备制造业,,2015,1,信音电子,545146032.92,147459081.29,576046073.4,418845524.28,40585820.59,35176346.15,5337549.8,60886476.11,4240049.27,56646426.84,25702424.86,248172770.09,148404784.72,11.8732,,,,,,,,挂牌前,-5
831844.OC,2007,2015-02-03,财达证券有限责任公司,非高新产业区,电气机械和器材制造业,,2015,2,会友线缆,33823100,19582900,,,,,,-417100,,,-1115400,,,-1.2332,,,,,,,,挂牌前,-7
831844.OC,2008,2015-02-03,财达证券有限责任公司,非高新产业区,电气机械和器材制造业,,2015,2,会友线缆,81962600,46940000,120786700,,,,,7357100,,,-4830600,,,12.7081,,,,,,,,挂牌前,-6
831844.OC,2009,2015-02-03,财达证券有限责任公司,非高新产业区,电气机械和器材制造业,,2015,2,会友线缆,101873219.36,93917190.17,132992223.08,116251747.95,2081947.71,2734242.79,905044.89,13458385.8,,,-2717455.9,21992136.12,29641646.46,14.6417,,,,,,,,挂牌前,-5
831866.OC,2008,2015-02-02,申万宏源证券有限公司,非高新产业区,化学原料和化学制品制造业,,2015,2,蔚林股份,155872416.59,80178616.5,258270161.13,198054267.35,7167919.87,10005845.83,2770838.24,22480319.18,211800,22268600,36776291,8648727.99,85467009.27,21.5979,,,,,,,,挂牌前,-5
831899.OC,2008,2015-02-04,中泰证券股份有限公司,非高新产业区,商务服务业,,2015,2,山东再担,441744362.54,401790539.44,,,16686361.4,,,-12309294.42,,,-4657115.88,,24643591.82,-2.5159,1591966.83,588670.34,,-21092540.41,-5986871.91,,,挂牌前,-6
831899.OC,2009,2015-02-04,中泰证券股份有限公司,非高新产业区,商务服务业,,2015,2,山东再担,1023500014.24,978515447.84,,,19623433.69,,,16724908.4,,,29488208.46,,31933227.49,2.452,1905701.73,403163.99,27274,5336915.52,813357.69,,,挂牌前,-5
831928.OC,2007,2015-02-03,中信证券股份有限公司,非高新产业区,化学原料和化学制品制造业,,2015,2,开泰石化,285919000,144475000,342873500,,,,,22989300,,,55111100,,,8.0325,,,,,,,,挂牌前,-7
831928.OC,2008,2015-02-03,中信证券股份有限公司,非高新产业区,化学原料和化学制品制造业,,2015,2,开泰石化,338098032.17,144501304.52,394015798.74,360332264.58,9463912.27,18496533.5,7477870.82,26264.23,,,39007906.54,7549964.48,157005755.16,0.0026,13052850.15,4594017.12,6355171.98,-2610564.72,14277890.06,,,挂牌前,-6
831928.OC,2009,2015-02-03,中信证券股份有限公司,非高新产业区,化学原料和化学制品制造业,,2015,2,开泰石化,448092133.25,154851277.8,397711895.35,326649020.41,19373592.13,31418010.35,6309604.81,10349973.28,,,69722186.59,18707183.48,264084717.07,2.6277,15196323.18,4594017.12,25029290.65,1911993.16,4623531.82,,,挂牌前,-5
831934.OC,2009,2015-02-16,东吴证券股份有限公司,非高新产业区,仪器仪表制造业,,2015,2,宇迪光学,124715151.76,32790822.9,128487271.69,109292762.11,3340551.03,7546979.28,2909873.14,1460108.52,,,14206036.53,17616039.36,52015110.4,1.4922,,,,,,,,挂牌前,-5
832032.OC,2006,2015-03-06,申万宏源证券有限公司,非高新产业区,化学原料和化学制品制造业,,2015,3,青晨科技,45241331.86,25954324.37,74177599.41,44586060.18,5275075.35,2268456.6,262509.89,20504277.45,6383648.18,14120629.27,5672841.49,21740525.11,8661504.12,45.322,,,,,,,,挂牌前,-5
832126.OC,2007,2015-03-16,新时代证券股份有限公司,非高新产业区,医药制造业,,2015,3,康乐药业,352760398.93,109103463.68,318821220.5,239997330.74,17664947.63,19278357.9,8817929.25,22840615.57,2161300,20679300,31720195.85,56608701.86,88295779.07,6.4748,,,,,,,,挂牌前,-5
832399.OC,2007,2015-05-21,国联证券股份有限公司,非高新产业区,道路运输业,,2015,5,宁波公运,,,1221000000,,,,,,,,,,,,,,,,,,,挂牌前,-8
832399.OC,2008,2015-05-21,国联证券股份有限公司,非高新产业区,道路运输业,,2015,5,宁波公运,,,1314000000,,,,,,,,,,,,,,,,,,,挂牌前,-7
832399.OC,2009,2015-05-21,国联证券股份有限公司,非高新产业区,道路运输业,,2015,5,宁波公运,,,1414000000,,,,,100680000,,,,,,,,,,,,,,挂牌前,-6
832399.OC,2010,2015-05-21,国联证券股份有限公司,非高新产业区,道路运输业,,2015,5,宁波公运,,,1517830000,,,,,121290000,,,,,,,,,,,,,,挂牌前,-5
832474.OC,2009,2015-07-21,东兴证券股份有限公司,非高新产业区,专用设备制造业,,2015,7,卓越鸿昌,111235168.99,81528302.18,102871397.35,51988262.46,7603367.28,5143013.42,196425.08,38304436.69,592898.36,37711538.33,34025659.42,5696955.72,37263316.07,34.4355,1978400,,-74600,-3047900,-3735600,,,挂牌前,-6
832474.OC,2010,2015-07-21,东兴证券股份有限公司,非高新产业区,专用设备制造业,,2015,7,卓越鸿昌,160638576.26,122991604.99,136856074.3,70230914.43,10593752.47,8376931.78,540428.06,41463302.81,1253060.29,40210242.52,30083031.42,16569766.92,56085840.78,30.5019,3227300,,-6263600,-13420300,3686100,,,挂牌前,-5
832482.OC,2010,2015-05-18,江海证券有限公司,非高新产业区,农业,,2015,5,菁茂农业,36046491.49,23913455.49,37339429.95,29752762.97,,2383513.85,874611.52,8647414.46,,,5465054.33,,12751841.97,23.9896,,,,,,,,挂牌前,-5
832498.OC,2008,2015-06-19,中国国际金融股份有限公司,非高新产业区,软件和信息技术服务业,,2015,6,明源软件,42747278.26,32976959.58,52236442.88,993870.67,16962527.92,25339796.14,-76230.83,4408806.02,-7005084.02,11413890.04,11340545.19,2599140.04,3757918.3,10.3137,,,,,,,,挂牌前,-6
832498.OC,2009,2015-06-19,中国国际金融股份有限公司,非高新产业区,软件和信息技术服务业,,2015,6,明源软件,63011983.82,45018530.85,70215162.29,2309827.49,18980040.82,34075592.02,-150709.32,18041571.27,1502322.89,16539248.38,15390484.16,16495961.27,3718200.86,34.1182,,,,,,,,挂牌前,-5
832528.OC,2008,2015-05-29,长城证券股份有限公司,非高新产业区,专用设备制造业,,2015,5,斯迈柯,247959224.65,68335156.87,144406290.61,108349487.56,3599732.19,15572479.31,7292577.83,6214934.47,292931.7,5922002.77,36086864.64,14995273.25,45384747.6,2.5064,2730700,,-14541400,28610300,3816700,,,挂牌前,-6
832528.OC,2009,2015-05-29,长城证券股份有限公司,非高新产业区,专用设备制造业,,2015,5,斯迈柯,260806598.47,77054064.37,185219502.65,140778190.4,3822002.07,19862441.87,4061955.37,13718907.5,468315.36,13250592.14,37262600.61,23937779.3,70641818.74,5.393,4300400,,11548800,-17948600,21242500,,,挂牌前,-5
832537.OC,2009,2015-06-03,民生证券股份有限公司,非高新产业区,专用设备制造业,,2015,6,洁华控股,491023740.51,107900230.55,374841142.62,300710067.22,6233893.04,31959464.88,2035347.65,27117010.83,1050253.15,26066757.68,98342699.45,64962312.03,94493767.74,5.6646,7371700,41100,3131800,-6170500,57039000,,,挂牌前,-6
832537.OC,2010,2015-06-03,民生证券股份有限公司,非高新产业区,专用设备制造业,,2015,6,洁华控股,528328947.04,145056482.22,437567149.1,343463656.79,7817370.11,40306501.12,761606.92,37556252.67,-493113.94,38049366.61,3602420.62,83840162.35,145084719.5,7.3714,8668500,118200,2660100,-51963100,-14600,,,挂牌前,-5
832568.OC,2010,2015-06-17,东北证券股份有限公司,非高新产业区,通用设备制造业,,2015,6,阿波罗,255530000,,140660000,,,,,,,,,,,,,,,,,,,挂牌前,-5
832598.OC,2010,2015-06-10,西南证券股份有限公司,非高新产业区,专业技术服务业,,2015,6,大野创意,19125334.72,11096616.77,9229321,5499381.04,335253.32,2114130.17,-6314.76,430431.64,,,248835.96,12664846.54,650835.79,2.2506,202859.27,12000,,8928313.91,-9459178.35,,,挂牌前,-5
832675.OC,2007,2015-07-01,国信证券股份有限公司,非高新产业区,电气机械和器材制造业,,2015,7,福达合金,,,684480000,,,,,,,,,,,,,,,,,,,挂牌前,-8
832675.OC,2008,2015-07-01,国信证券股份有限公司,非高新产业区,电气机械和器材制造业,,2015,7,福达合金,,,581620000,,,,,,,,,,,,,,,,,,,挂牌前,-7
832675.OC,2009,2015-07-01,国信证券股份有限公司,非高新产业区,电气机械和器材制造业,,2015,7,福达合金,,,790000000,,,,,,,,,,,,,,,,,,,挂牌前,-6
832675.OC,2010,2015-07-01,国信证券股份有限公司,非高新产业区,电气机械和器材制造业,,2015,7,福达合金,,,1058550000,,,,,,,,,,,,,,,,,,,挂牌前,-5
832715.OC,2005,2015-07-15,中信证券股份有限公司,大连高新区,软件和信息技术服务业,,2015,7,华信股份,398686988.3,285270079.5,353330032.98,226364296.24,1603896.78,51931116.28,3779747.17,83259159.62,10207643.42,73051516.2,84372386.74,39112404.11,67261413.08,20.7365,,,,,,,,挂牌前,-5
832821.OC,2009,2015-07-22,国金证券股份有限公司,非高新产业区,食品制造业,,2015,7,金丹科技,,,1890210000,,,,,,,,,,,,,,,,,,,挂牌前,-5
832870.OC,2010,2015-07-23,华龙证券股份有限公司,非高新产业区,橡胶和塑料制品业,,2015,7,博浪股份,28167758.2,8768260.14,37395495.73,32689174.91,731571.42,1388833.68,1264106.53,616996.94,,,-2389066.98,745122.83,2544732.98,2.1904,228049.93,,-155686.11,-13877021.48,10437372.91,,,挂牌前,-5
832910.OC,2008,2015-07-29,国泰君安证券股份有限公司,非高新产业区,农副食品加工业,,2015,7,伊赛牛肉,38504784.04,8943673.34,74800010.43,,,,,3456569.17,,,,,,8.977,,,,,,,,挂牌前,-6
832910.OC,2009,2015-07-29,国泰君安证券股份有限公司,非高新产业区,农副食品加工业,,2015,7,伊赛牛肉,62151554.51,15606424.21,86627928.96,75501235.58,376300.32,2181864.27,1460407.37,6603330.87,,,7494785.52,4018569.12,26661305.66,13.1205,1575385.03,,409672.3,-8096355.19,4604019.6,,,挂牌前,-5
833081.OC,2006,2015-07-28,国海证券股份有限公司,非高新产业区,有色金属冶炼和压延加工业,,2015,7,顺博合金,110579991,96891878.88,845838865.57,839498238.09,1626426.65,3159069.19,2690791.61,14722728.48,,,,29594617.59,10390404.32,13.3141,,,,,,,,挂牌前,-9
833081.OC,2007,2015-07-28,国海证券股份有限公司,非高新产业区,有色金属冶炼和压延加工业,,2015,7,顺博合金,214242098.56,146762060.22,1103937080.39,1083396427.63,1320038.45,3397468.04,2220885.48,22182399.45,,,-8794958.73,83850325.05,19541771.87,13.6582,,,,,,,,挂牌前,-8
833081.OC,2008,2015-07-28,国海证券股份有限公司,非高新产业区,有色金属冶炼和压延加工业,,2015,7,顺博合金,375139609.63,222982067.31,1212864628.24,1183161174.16,3556040.62,4282748,5074064.68,24863084.47,,,48330593.32,86745744.56,20242433.62,10.3431,,,,,,,,挂牌前,-7
833081.OC,2009,2015-07-28,国海证券股份有限公司,非高新产业区,有色金属冶炼和压延加工业,,2015,7,顺博合金,631078731.23,246318382.52,1272150392.45,1263449134.7,3749493.67,6898661.94,11237053.75,46815543.45,,,129352032.94,136102407.47,18897593.74,6.0236,,,,,,,,挂牌前,-6
833081.OC,2010,2015-07-28,国海证券股份有限公司,非高新产业区,有色金属冶炼和压延加工业,,2015,7,顺博合金,773101111.84,282065399.54,1578977283.97,1530611405.4,3783454.26,8325897.34,17722570.1,35810878.2,,,49119726.19,196695738.26,18641786.37,5.1335,,,,,,,,挂牌前,-5
833123.OC,2010,2015-07-30,西南证券股份有限公司,非高新产业区,造纸和纸制品业,,2015,7,瑞丰股份,110495296.86,15059963.93,119788483.58,109338501.02,4279184.65,4413342.78,1848489.43,-54199.3,,,-12994213.37,13885014.3,21797145.6,-0.0578,,,,,,,,挂牌前,-5
833152.OC,2007,2015-07-30,中泰证券股份有限公司,非高新产业区,电气机械和器材制造业,,2015,7,新风光,,,145900000,,,,,,,,,,,,,,,,,,,挂牌前,-5
833171.OC,2007,2015-08-04,光大证券股份有限公司,非高新产业区,水上运输业,,2015,8,福建国航,1382665176,559624297.77,1170180854.34,808366429.52,,38828432.17,41605860.54,144111323.66,,,157331779.23,123981829.34,830711548.01,14.311,88541158.64,1270509.22,-5464917.53,-137333920.74,-22770790.49,2012-06-19,2007-12-31,挂牌前,-8
833171.OC,2008,2015-08-04,光大证券股份有限公司,非高新产业区,水上运输业,,2015,8,福建国航,2548901626.45,481066133.63,2098022029.44,1730911248.82,,57902433.03,79047063.11,51660102.41,,,503455389.15,191768998.16,1522365961.23,4.173,117243156.95,750781.6,-5146981.65,-133562943.06,315756929.7,2012-06-19,2008-12-31,挂牌前,-7
833171.OC,2009,2015-08-04,光大证券股份有限公司,非高新产业区,水上运输业,,2015,8,福建国航,2201787689.09,529610563.53,799469674.37,667295738.35,727200.8,49703211.84,74478021.05,64208272.13,,,177000419.08,99292863.03,1555141160.66,2.3542,102213877.73,904304.76,2007831.56,1637880.94,-75781917.89,2012-06-19,2009-12-31,挂牌前,-6
833171.OC,2010,2015-08-04,光大证券股份有限公司,非高新产业区,水上运输业,,2015,8,福建国航,2336481777.21,632040866.52,890970780.19,651876455.45,,58631886.61,82484007.22,107080906.82,,,451844445.6,25785648.88,1748621954.47,4.7209,91477908.15,904304.76,-1227783.19,47325862.14,148866452.91,2012-06-19,2010-12-31,挂牌前,-5
833225.OC,2009,2015-08-14,海通证券股份有限公司,非高新产业区,造纸和纸制品业,,2015,8,赛特股份,29346791.56,4779173.01,11951820.89,,,,,155762.46,,,,,,,,,,,,2011-12-29,2009-12-31,挂牌前,-6
833225.OC,2010,2015-08-14,海通证券股份有限公司,非高新产业区,造纸和纸制品业,,2015,8,赛特股份,30508045.59,7682393.85,21910794.63,,,,,2903220.84,,,,,,,,,,,,2011-12-29,2010-12-31,挂牌前,-5
833283.OC,2006,2015-08-18,中泰证券股份有限公司,潍坊高新区,通用设备制造业,,2015,8,盛瑞传动,357701181.62,142649521.72,354159784.31,279394151.51,2469717.57,37624368.88,924059.37,28182105.39,,,62235827.29,78013762.95,97337687.34,7.8326,7375959.91,501729.16,-6038088.48,-83502103.98,115457048.77,,,挂牌前,-8
833283.OC,2007,2015-08-18,中泰证券股份有限公司,潍坊高新区,通用设备制造业,,2015,8,盛瑞传动,533953792.04,232016074.32,586048242.24,453024761.48,3214425.21,68437319.98,3632931.45,43256950.59,,,-79716656.76,104356356.15,128601813.29,11.5275,11915305.85,6000,-20551286.03,-141998523.23,20168835.99,,,挂牌前,-7
833283.OC,2008,2015-08-18,中泰证券股份有限公司,潍坊高新区,通用设备制造业,,2015,8,盛瑞传动,627671519.49,343612994.2,714168431.1,569568203.11,3756947.87,76630674.25,6723907.89,47615597.56,1217629.5,46397968.06,3899681.26,103716959.4,180677964.01,8.1545,,,,,,,,挂牌前,-6
833283.OC,2009,2015-08-18,中泰证券股份有限公司,潍坊高新区,通用设备制造业,,2015,8,盛瑞传动,848594771.72,339116564.54,696165549.27,538920820.15,3784338.34,73542639.73,3745274.6,65103570.34,4102844.21,61000726.13,10353177.82,162202338.02,259179153.95,8.8625,,,,,,,,挂牌前,-5
833368.OC,2007,2015-08-20,华泰证券股份有限公司,非高新产业区,电力、热力生产和供应业,,2015,8,江苏新能,103000000,101000000,,,,,,744300,,,,,,,,,,,,,,挂牌前,-7
833368.OC,2008,2015-08-20,华泰证券股份有限公司,非高新产业区,电力、热力生产和供应业,,2015,8,江苏新能,204000000,202000000,6500000,,,,,,,,,,,,,,,,,,,挂牌前,-6
833368.OC,2009,2015-08-20,华泰证券股份有限公司,非高新产业区,电力、热力生产和供应业,,2015,8,江苏新能,473000000,250000000,100000000,,,,,2290000,,,,,,,,,,,,,,挂牌前,-5
833371.OC,2008,2015-08-21,广发证券股份有限公司,非高新产业区,管道运输业,,2015,8,蓝天燃气,805686185.49,257130439.03,930841514.74,799463130.7,363949.28,13102128.19,21204667.45,69829925.45,110196.64,69719728.81,-82038878.73,,728674469.62,8.6671,,,,,,,,挂牌前,-5
833437.OC,2009,2015-09-30,新时代证券股份有限公司,非高新产业区,医药制造业,,2015,9,亿邦制药,183587546.59,108314505.22,288490809.36,200199528.17,19355954.72,22924582.63,1582424.8,36637937.94,2353700,34284200,44087560.16,7293629.01,43779198.84,19.9567,3845300,,2280100,4222900,-5680700,,,挂牌前,-5
833444.OC,2008,2015-08-25,南京证券股份有限公司,非高新产业区,专用设备制造业,,2015,8,华恒股份,264000294.56,139302385.04,98992070.67,42109116.73,16437937.78,25550610.64,1155415.43,26531443.96,14323954.45,12207489.51,13493840.1,21959997.25,55891665.07,10.1349,4362744.4,,-28591184.42,-13561691.36,21734713.04,,,挂牌前,-7
833444.OC,2009,2015-08-25,南京证券股份有限公司,非高新产业区,专用设备制造业,,2015,8,华恒股份,368709568.13,178499857.52,177371389.92,86190204.04,16919804.94,36983335.87,3495104.33,35897472.48,7345700,28551800,12940781.1,42345612.4,97298601.42,11.3273,8734547.55,,-7130284.75,-17682957.99,-13506711.55,,,挂牌前,-6
833444.OC,2010,2015-08-25,南京证券股份有限公司,非高新产业区,专用设备制造业,,2015,8,华恒股份,504726344.42,232246764.3,262886194.21,127969528.24,17467330.96,46951454.06,4665065.4,64736910.78,10839800,53897100,22531625.68,104108419.98,153865815.27,14.905,13614313.8,,-47933100.2,-80129785.1,61480115.63,,,挂牌前,-5
833480.OC,2008,2015-09-01,中信证券股份有限公司,非高新产业区,化学原料和化学制品制造业,,2015,9,红旗民爆,284920308.72,155906474.96,268729257.07,187897220.91,19180114.78,27888963.2,2588402.38,21659750.41,7373415.09,14286335.32,52708673.45,9012275.63,123318599.85,11.3246,,,,,,,,挂牌前,-5
833491.OC,2009,2015-11-10,新时代证券股份有限公司,非高新产业区,金属制品业,,2015,11,沧海核装,541971834.81,154743326.29,516764738.12,371433953.98,33531223.1,42292811.06,17093487.53,32487498.16,-1209414.94,33696913.1,-42543018.38,163795198.2,103783327.94,5.9943,,,,,,,,挂牌前,-5
833539.OC,2009,2015-09-21,西南证券股份有限公司,非高新产业区,土木工程建筑业,,2015,9,大方生态,30746774.29,20307214.45,25550122.67,20539211.42,,1864607.34,255219.59,1225999.43,,,513062.72,5339242.76,1299484.58,3.9874,199794.28,,-2601371.4,-3281566.22,5044648.66,,,挂牌前,-5
833586.OC,2010,2015-09-22,上海证券有限责任公司,非高新产业区,电气机械和器材制造业,,2015,9,雷诺尔,,,209510000,,,,,,,,,,,,,,,,,,,挂牌前,-5
833596.OC,2009,2015-10-16,国联证券股份有限公司,非高新产业区,畜牧业,,2015,10,润康牧业,53246873.35,39400183.85,35577678.45,,,,,4508628.02,,,,,,8.4674,,,,,,,,挂牌前,-6
833596.OC,2010,2015-10-16,国联证券股份有限公司,非高新产业区,畜牧业,,2015,10,润康牧业,78729619.38,55202753.22,37030476.29,27670687,,1131014.38,793246.19,8802569.37,,,,1782475.43,19463734.91,13.3396,2699259.17,,2227486.36,-5267395.16,-5263829.84,,,挂牌前,-5
833602.OC,2009,2015-10-09,太平洋证券股份有限公司,非高新产业区,汽车制造业,,2015,10,洪昌科技,188442912.69,77117137.86,138988953.91,97963050.16,7315699.37,14877671.57,2501102.45,11151330.38,,,22131179.15,42969858.34,74322728.82,5.9176,,,,,,,,挂牌前,-6
833602.OC,2010,2015-10-09,太平洋证券股份有限公司,非高新产业区,汽车制造业,,2015,10,洪昌科技,219798653.56,90808003.19,176993973.51,128722377.78,9735268.55,18493677.25,3117695.91,13690865.33,,,36434885.52,47159132.13,67721719.15,6.7072,11750126.1,,-5118056.39,-11053426.71,23823040.36,,,挂牌前,-5
833624.OC,2009,2015-11-11,中国民族证券有限责任公司,非高新产业区,医药制造业,,2015,11,维和药业,101116786.85,32474184.15,94666994.89,65248301.02,786633.27,8122124.37,196139.14,14546564.26,,,-2313048.2,32445903.53,632606.67,14.3859,55254.46,,-28336702.87,-19490975.94,28236109.56,,,挂牌前,-6
833624.OC,2010,2015-11-11,中国民族证券有限责任公司,非高新产业区,医药制造业,,2015,11,维和药业,215417287.52,90936195.66,129797252.14,94680455.34,1278806.74,9957563.2,3812769.97,13433565.62,,,24704703.96,59867351.62,79202092.52,8.4879,330890.94,,10318777.58,-57118361.12,51499439.66,,,挂牌前,-5
833641.OC,2009,2015-10-19,民生证券股份有限公司,非高新产业区,食品制造业,,2015,10,小西牛,44100411.77,28802180.03,79674647.64,51925733.18,9421879.57,2619004.81,290340.43,18120479,5348018.67,12772460.33,18249425.53,1657039.59,21055172.56,41.0891,,,,,,,,挂牌前,-5
833683.OC,2006,2015-10-15,光大证券股份有限公司,上海张江高新技术产业开发区,软件和信息技术服务业,,2015,10,吉联新软,11087750.87,10708966.55,12620596.06,480000,,2371012.88,-7408.63,9776991.81,,,,6253186.51,280990.85,,,,,,,,,挂牌前,-9
833683.OC,2007,2015-10-15,光大证券股份有限公司,上海张江高新技术产业开发区,软件和信息技术服务业,,2015,10,吉联新软,36297776.98,32066550.15,38460242.24,12178084.11,2402248.61,9125193.08,-75914.22,15675295.11,,,14724981.2,16895384.65,2863983.65,66.1607,514868.42,,,-4174912.96,331206.13,,,挂牌前,-8
833683.OC,2008,2015-10-15,光大证券股份有限公司,上海张江高新技术产业开发区,软件和信息技术服务业,,2015,10,吉联新软,69272545.17,60223859.7,47744328.94,14920459.61,2025685.68,11694107.58,-22458.79,16463111.03,,,11248092.23,19645112.68,2875061,31.1889,744992.19,,,-9051444.45,3398047.82,,,挂牌前,-7
833683.OC,2009,2015-10-15,光大证券股份有限公司,上海张江高新技术产业开发区,软件和信息技术服务业,,2015,10,吉联新软,101343111.93,79558449.73,49548084.03,14050801.32,4580347.66,10150350.52,211208.33,19334590.03,,,8125451.46,31806766.84,3067551.74,22.6645,710815.42,,,-7551989.93,-4514758.55,,,挂牌前,-6
833683.OC,2010,2015-10-15,光大证券股份有限公司,上海张江高新技术产业开发区,软件和信息技术服务业,,2015,10,吉联新软,112115897.08,86197253.13,45795658.27,19537939.1,5250424.8,12449037.67,635083.14,6638803.4,,,7268153.39,36634510.87,29260791.72,6.2202,1297890.96,,-71998.29,-33409144.38,31005989.04,,,挂牌前,-5
833719.OC,2010,2015-10-08,天风证券股份有限公司,非高新产业区,非金属矿物制品业,,2015,10,宏发新材,,,491162350.41,,,,,48712119.58,,,,,,,,,,,,,,挂牌前,-5
833832.OC,2009,2015-11-02,申万宏源证券有限公司,非高新产业区,电力、热力生产和供应业,,2015,11,追日电气,66407100,47029400,112303136.21,74199427.37,14822260.41,18427569.15,378515.63,5799230.08,,,136421.47,17918500,16451900,8.7328,2328013.84,,-7132370.74,-13633217.65,13377701.6,,,挂牌前,-6
833832.OC,2010,2015-11-02,申万宏源证券有限公司,非高新产业区,电力、热力生产和供应业,,2015,11,追日电气,98410400,51577900,116249024.91,70446894.22,12544962.19,25996558.4,265326.08,9778722.4,,,12944351.08,25376300,29079400,11.8661,1502736.87,,-11518989.68,-18658158.19,33033434.94,,,挂牌前,-5
833896.OC,2008,2015-11-02,东北证券股份有限公司,非高新产业区,公共设施管理业,,2015,11,海诺尔,240304355.5,180282308.63,22618053.25,12786909.91,,5127187.82,513526.41,19632865.59,3739888.39,15893000,8229244.13,2954566.5,52377181.43,8.1699,,,,,,,,挂牌前,-5
833934.OC,2010,2015-10-30,中泰证券股份有限公司,非高新产业区,仪器仪表制造业,,2015,10,震宇科技,16108699.99,7360128.87,4414043.23,2683961.7,852957.36,714105.04,211822,-16845.4,,,-2198745.22,532771.69,5704301.52,-0.1046,,,,,,,,挂牌前,-5
833943.OC,2007,2015-10-26,中信建投证券股份有限公司,成都高新区,通用设备制造业,,2015,10,优机股份,180140285.12,73337620.25,281203139.56,216819075.55,30194174.7,7365387.14,4608782.26,21844956.25,1926612.09,19918344.16,29292096.76,61370921.34,21724752.5,12.6939,,,,,,,,挂牌前,-5
833957.OC,2008,2015-10-28,海通证券股份有限公司,非高新产业区,纺织服装、服饰业,,2015,10,威丝曼,224402040.89,117564996.39,299742806.31,201218056.6,28042289.89,21070812.18,2252033.12,37507868.35,121669.86,37386200,25844664.15,68967861.2,47581997.03,16.7146,,,,,,,,挂牌前,-5
834004.OC,2009,2015-11-05,申万宏源证券有限公司,非高新产业区,通用设备制造业,,2015,11,新乡日升,198616815.61,73565699.76,108288371.25,75829293.69,4093132.15,11753568.73,479329.56,13585999.85,1098743.87,12487255.98,16555788.55,29115233.39,50501454.45,6.8403,,,,,,,,挂牌前,-6
834004.OC,2010,2015-11-05,申万宏源证券有限公司,非高新产业区,通用设备制造业,,2015,11,新乡日升,273594274.59,108495837.03,216002430.55,148516844,6978138.25,19339224.09,259490.04,34930137.27,548766.98,34381370.29,29504840.52,45607487.83,59632809.42,14.7981,,,,,,,,挂牌前,-5
834019.OC,2003,2015-11-23,申万宏源证券有限公司,非高新产业区,化学原料和化学制品制造业,,2015,11,大自然,434339143.89,209629601.08,243100318.85,196559512.8,7301592.37,17317216.93,9799123.98,10849672.22,1178391.49,9671280.73,45841095.16,34105314.85,280176232.01,2.7488,23517307.42,,4822758.23,-1687981.33,-2123876.62,,,挂牌前,-12
834019.OC,2004,2015-11-23,申万宏源证券有限公司,非高新产业区,化学原料和化学制品制造业,,2015,11,大自然,484260193.57,212029245.12,260319095.3,234727480.22,7647238.94,16268230.15,9858010.41,2399644.04,734385.8,1665258.24,33228496.08,33927357.06,278131905.81,0.7356,24716628.47,,-9057049.41,-10698104.89,12991653.95,,,挂牌前,-11
834019.OC,2005,2015-11-23,申万宏源证券有限公司,非高新产业区,化学原料和化学制品制造业,,2015,11,大自然,507108000.21,214275081.68,269376387.03,264052244.2,8243157.45,18477558.51,11347429.95,2245836.56,21962483.64,-19716647.08,9335688.47,38515728.21,296379647.66,0.5184,27449736.84,,-3082812.33,-26275790.26,18516750.97,,,挂牌前,-10
834019.OC,2006,2015-11-23,申万宏源证券有限公司,非高新产业区,化学原料和化学制品制造业,,2015,11,大自然,487678867.15,220695794.02,346377424.09,310027122.46,8750849.96,14830179.71,11470142.57,1275679.34,2182319.94,-906640.6,34039775.2,38253046.34,90834861.37,0.3893,21207428.37,,277923.22,-1567797.53,3482163.02,,,挂牌前,-9
834019.OC,2007,2015-11-23,申万宏源证券有限公司,非高新产业区,化学原料和化学制品制造业,,2015,11,大自然,454778576.23,224960439.2,369635722.4,324136728.04,11457824.69,18593187.51,12459341.38,4783111.63,341526.66,4441584.97,20783340.12,37254227.75,78356642.11,1.2915,19003709.19,,-6367454.94,5421519.43,-11884131.1,,,挂牌前,-8
834019.OC,2008,2015-11-23,申万宏源证券有限公司,非高新产业区,化学原料和化学制品制造业,,2015,11,大自然,447787198.9,227504291.91,302853352.57,256297031.83,11828383.09,15592413.4,12621835.73,5106726.61,4414738.25,691988.36,13376629.09,35072669.07,35549829.72,1.4032,11056445.35,,-12894010.27,-20366035.98,15850561.16,,,挂牌前,-7
834019.OC,2009,2015-11-23,申万宏源证券有限公司,非高新产业区,化学原料和化学制品制造业,,2015,11,大自然,489582041.67,232573615.84,311645312.38,263744315.52,11866748.45,15678311.81,9375271.74,5326183.53,1513169.67,3813013.86,35444717.48,35717511.18,36105654.16,1.4342,9606646.85,,188358.86,18298450.23,-18010681.74,2010-04-29,2009-12-31,挂牌前,-6
834019.OC,2010,2015-11-23,申万宏源证券有限公司,非高新产业区,化学原料和化学制品制造业,,2015,11,大自然,576985759.8,238543063.72,381876897.16,330777443.17,13727804.73,17466431.52,11086692.34,5969447.88,2398473,3570974.88,61495681.47,38764732.87,33784781.85,1.4866,10746553.17,,-6616553.71,17857595.52,19686120.75,2011-04-28,2010-12-31,挂牌前,-5
834049.OC,2007,2015-10-30,中信证券股份有限公司,非高新产业区,专业技术服务业,,2015,10,建科股份,118128130.23,76757041.78,121666075.61,73896232.9,4429714.68,14670574.21,181434.35,24743049.84,,,10539334.58,40098171.72,14295527.18,,1656029.19,84012,2273700.85,-59695242.67,38655201.32,,,挂牌前,-8
834049.OC,2008,2015-10-30,中信证券股份有限公司,非高新产业区,专业技术服务业,,2015,10,建科股份,156393618.6,101896430,152693935.71,97478923.86,4884096.53,20282991.36,2140659.28,27207888.22,,,2843485.32,58795230.89,15059278.02,19.822,2056315.63,183721.44,3958929.82,-35686566.21,642184.01,,,挂牌前,-7
834049.OC,2009,2015-10-30,中信证券股份有限公司,非高新产业区,专业技术服务业,,2015,10,建科股份,175597092.89,122107333.1,160620884.01,102370743.29,6667446.05,23179255.13,1740127.98,25637646.01,,,13821397.41,79857867.09,42675184.69,15.4448,3785508.55,210137.39,-3537526.51,-19802249.47,7330279.46,,,挂牌前,-6
834049.OC,2010,2015-10-30,中信证券股份有限公司,非高新产业区,专业技术服务业,,2015,10,建科股份,229213202.4,150173426.65,221447974.11,135420227.32,11198891.01,31757728.29,2663502.06,30898368.55,,,19717068.01,93099677.69,49462707.66,15.2656,4619226.06,396998.34,-6500688.53,-25874395.14,12076903.81,,,挂牌前,-5
834090.OC,2006,2015-11-10,国联证券股份有限公司,非高新产业区,化学原料和化学制品制造业,,2015,11,兴达泡塑,,,6800160000,,,,,,,,,,,,,,,,,,,挂牌前,-8
834090.OC,2007,2015-11-10,国联证券股份有限公司,非高新产业区,化学原料和化学制品制造业,,2015,11,兴达泡塑,,,7969000000,,,,,,,,,,,,,,,,,,,挂牌前,-7
834090.OC,2008,2015-11-10,国联证券股份有限公司,非高新产业区,化学原料和化学制品制造业,,2015,11,兴达泡塑,,,6916180000,,,,,,,,,,,,,,,,,,,挂牌前,-6
834090.OC,2010,2015-11-10,国联证券股份有限公司,非高新产业区,化学原料和化学制品制造业,,2015,11,兴达泡塑,,,6452950000,,,,,,,,,,,,,,,,,,,挂牌前,-5
834117.OC,2010,2015-11-10,中泰证券股份有限公司,非高新产业区,化学原料和化学制品制造业,,2015,11,山东绿霸,,,430000000,,,,,,,,,,,,,,,,,,,挂牌前,-5
834178.OC,2003,2015-12-01,国泰君安证券股份有限公司,非高新产业区,有色金属冶炼和压延加工业,,2015,12,金田铜业,,,2694637600,,,,,,,,,,,,,,,,,,,挂牌前,-9
834178.OC,2004,2015-12-01,国泰君安证券股份有限公司,非高新产业区,有色金属冶炼和压延加工业,,2015,12,金田铜业,,,5168670000,,,,,,,,,,,,,,,,,,,挂牌前,-8
834178.OC,2005,2015-12-01,国泰君安证券股份有限公司,非高新产业区,有色金属冶炼和压延加工业,,2015,12,金田铜业,,,11362720000,,,,,,,,,,,,,,,,,,,挂牌前,-7
834178.OC,2006,2015-12-01,国泰君安证券股份有限公司,非高新产业区,有色金属冶炼和压延加工业,,2015,12,金田铜业,4094350000,1731750000,22383730000,,,,,718460000,,,,,,,,,,,,,,挂牌前,-6
834178.OC,2007,2015-12-01,国泰君安证券股份有限公司,非高新产业区,有色金属冶炼和压延加工业,,2015,12,金田铜业,,,31970000000,,,,,,,,,,,,,,,,,,,挂牌前,-5
834201.OC,2008,2015-11-19,国泰君安证券股份有限公司,非高新产业区,计算机、通信和其他电子设备制造业,,2015,11,柳鑫股份,,,201530000,,,,,,,,,,,,,,,,,,,挂牌前,-7
834201.OC,2009,2015-11-19,国泰君安证券股份有限公司,非高新产业区,计算机、通信和其他电子设备制造业,,2015,11,柳鑫股份,,,250000000,,,,,,,,,,,,,,,,,,,挂牌前,-6
834201.OC,2010,2015-11-19,国泰君安证券股份有限公司,非高新产业区,计算机、通信和其他电子设备制造业,,2015,11,柳鑫股份,,,273000000,,,,,,,,,,,,,,,,,,,挂牌前,-5
834229.OC,2006,2015-12-22,中信建投证券股份有限公司,南京高新区,专用设备制造业,,2015,12,南京微创,30767844.83,19327145.92,26799135.07,12317522.68,2011050.71,4717573.42,-23549.92,7283061.44,,,,1773714.78,9458381.67,,,,,,,,,挂牌前,-8
834229.OC,2007,2015-12-22,中信建投证券股份有限公司,南京高新区,专用设备制造业,,2015,12,南京微创,51877988.72,30445225.84,44925617.13,19545263.29,2437145.71,7589415.32,-110000.75,14118079.92,,,16255931.23,1352724.69,15603588.65,34.1679,710197.47,,-4370569.48,1204864.34,4279604.53,,,挂牌前,-7
834229.OC,2008,2015-12-22,中信建投证券股份有限公司,南京高新区,专用设备制造业,,2015,12,南京微创,67195586.21,44049574.98,65463589.42,30439278.66,3739440.68,10105405.87,398282.28,17786344.87,,,14503912.02,3953584.34,18326212.56,29.8745,1218254.32,,-6099207.78,5308462.27,6372372.11,,,挂牌前,-6
834229.OC,2009,2015-12-22,中信建投证券股份有限公司,南京高新区,专用设备制造业,,2015,12,南京微创,88163399.97,63605018.26,81651931.7,40030584.1,3099618.67,11688881.56,-630295.14,24211450.25,,,28612086.91,5093037.67,15019717.23,31.1684,1340819.06,16311.96,-2419054.58,-1886294.39,7932464.67,,,挂牌前,-5
834410.OC,2007,2015-12-16,平安证券有限责任公司,非高新产业区,非金属矿物制品业,,2015,12,苏州电瓷,244154740.33,99432514.23,206778203.05,125596169.99,14877326,25632600.15,4738733.7,30444658.63,,,25444833.53,53647865.3,75282325.97,12.4694,,,,,,,,挂牌前,-8
834410.OC,2008,2015-12-16,平安证券有限责任公司,非高新产业区,非金属矿物制品业,,2015,12,苏州电瓷,310587343.44,127632486.87,260641447.93,159984835.85,17067802.05,34000367.35,6139925.27,37199972.64,,,41864568.57,66511325.66,129777115.45,13.4116,,,,,,,,挂牌前,-7
834410.OC,2009,2015-12-16,平安证券有限责任公司,非高新产业区,非金属矿物制品业,,2015,12,苏州电瓷,369774456.6,146968878.56,309668315.19,213885567.49,19213544.51,31982991.76,4295302.04,37336391.69,,,57529664.8,75861781.28,129436247.36,10.9755,9990516.06,134601.5,-11450631.16,-2344943.14,43609423.39,,,挂牌前,-6
834410.OC,2010,2015-12-16,平安证券有限责任公司,非高新产业区,非金属矿物制品业,,2015,12,苏州电瓷,440338392.61,163242637.33,415893244.94,308200674.08,24318003.88,37807500.42,5063868.56,34273758.77,,,26202137.74,103131664.25,156710215.57,8.4615,11484593.35,,-4684451.09,-34312412.71,27599884.74,,,挂牌前,-5
834533.OC,2009,2015-12-31,兴业证券股份有限公司,非高新产业区,非金属矿物制品业,,2015,12,联冠电极,206520442.04,60581990.04,154998291.93,106403965.5,8701748.5,6376805.1,6180819.11,25397316.82,1045500,24351800,13748016.53,13468282.06,47529628.63,12.2977,3815900,,-4100700,-19743000,1663000,,,挂牌前,-5
834599.OC,2008,2015-12-14,安信证券股份有限公司,西安高新区,通用设备制造业,,2015,12,同力股份,117468920.67,71060536.91,173958763.08,135757843.35,4367584.73,5855381.09,-135889.59,24490338.57,-77795.31,24568133.88,19109717.28,7507092.68,1400604.3,20.8484,,,,,,,,挂牌前,-5
834607.OC,2008,2015-12-22,申万宏源证券有限公司,非高新产业区,化学原料和化学制品制造业,,2015,12,祥云股份,,,2148000000,,,,,,,,,,,,,,,,,,,挂牌前,-5
834608.OC,2007,2015-12-08,中泰证券股份有限公司,中关村科技园区,计算机、通信和其他电子设备制造业,,2015,12,星光影视,378902079.26,191786406.7,368298728.6,284870638.01,11622788.56,14720428.25,5727086.52,33601972.46,2343212.06,31258760.4,15085323.91,107330787.41,64485046.88,8.9622,,,,,,,,挂牌前,-6
834608.OC,2008,2015-12-08,中泰证券股份有限公司,中关村科技园区,计算机、通信和其他电子设备制造业,,2015,12,星光影视,474348049.51,230574729.32,483361810.88,365941337.59,27480474.93,29684774.2,9097378.71,37336476.62,1138136.65,36198339.97,1746383.19,139083447.03,68500525.91,8.7584,5510000,,-53155700,-38565800,36465300,,,挂牌前,-5
834693.OC,2008,2015-12-17,上海证券有限责任公司,非高新产业区,电气机械和器材制造业,,2015,12,金陵电机,90610000,,,,,,,,,,,,,,,,,,,,,挂牌前,-7
834693.OC,2009,2015-12-17,上海证券有限责任公司,非高新产业区,电气机械和器材制造业,,2015,12,金陵电机,75530000,,,,,,,,,,,,,,,,,,,,,挂牌前,-6
834693.OC,2010,2015-12-17,上海证券有限责任公司,非高新产业区,电气机械和器材制造业,,2015,12,金陵电机,85540000,,145800000,,,,,,,,,,,,,,,,,,,挂牌前,-5
834711.OC,2009,2015-12-11,南京证券股份有限公司,非高新产业区,化学原料和化学制品制造业,,2015,12,固德电材,22163174.51,3935383.55,48024300.29,39170038.59,3585999.86,1140942.43,69452.41,2781213.07,,,5093543.85,9665144.41,5832690.78,12.5488,,,,,,,,挂牌前,-6
834711.OC,2010,2015-12-11,南京证券股份有限公司,非高新产业区,化学原料和化学制品制造业,,2015,12,固德电材,49238790.36,25749319.4,120801152.4,90853633.37,8718282.87,3108446.61,91036.55,12813935.85,,,-1710130.47,19482676.5,6707945.89,35.8924,,,,,,,,挂牌前,-5
834718.OC,2009,2015-12-22,国信证券股份有限公司,中关村科技园区,生态保护和环境治理业,,2015,12,绿创声学,156108846.23,108262429.66,84894078.01,56198318.86,3873331.11,8287784.32,983888.6,13123173.63,,,4412443.52,63187307.79,18050186.73,8.4064,1247495.7,1076666.64,-3402337.34,-9787385.05,160796.23,,,挂牌前,-6
834718.OC,2010,2015-12-22,国信证券股份有限公司,中关村科技园区,生态保护和环境治理业,,2015,12,绿创声学,211047754.25,117770227.18,169927120.51,120315397.52,4900023.18,8700286.69,3055719.5,28291797.52,,,5200165.54,86935497.28,18306978.62,15.4113,1774528.23,,-10061504.39,-32316134.36,12039373.03,,,挂牌前,-5
834777.OC,2006,2015-12-15,国泰君安证券股份有限公司,中关村科技园区,商务服务业,,2015,12,中投保,3869775347.8,3180581380.92,88028644.71,19371810.4,86662.77,110954325.53,-8786953.01,73322165.64,,,-140114613.19,23123808.56,79124338.38,1.8961,5904274.05,,,-15107450.3,-101453848.68,,,挂牌前,-9
834777.OC,2007,2015-12-15,国泰君安证券股份有限公司,中关村科技园区,商务服务业,,2015,12,中投保,4584999870.54,3759103700.71,128527352.51,16704164.48,595508.43,187369536.21,-31176037.9,582964348.37,,,38168514.03,19234393.45,76110660.03,13.8243,5590510.62,,,-41715841.56,185475712.22,,,挂牌前,-8
834777.OC,2008,2015-12-15,国泰君安证券股份有限公司,中关村科技园区,商务服务业,,2015,12,中投保,4864713912.27,3852856079.85,206185851.62,13793024.35,,180106393.19,-19985612.13,180249445.77,,,115475952.62,122957857.62,71161783.2,3.8276,5462209.4,,,266395587.43,-109155173.69,,,挂牌前,-7
834777.OC,2009,2015-12-15,国泰君安证券股份有限公司,中关村科技园区,商务服务业,,2015,12,中投保,5465636014.65,4172959172.55,221253132.13,19363846.83,,166943814.37,-28689975.64,188211886.11,,,90712417.61,141498850.98,102032262.08,3.6263,7978938.01,,-10939.9,-118509701.69,229589051.94,,,挂牌前,-6
834777.OC,2010,2015-12-15,国泰君安证券股份有限公司,中关村科技园区,商务服务业,,2015,12,中投保,6253525827.85,4949454480.09,272026190.05,9286971.97,,206469202.41,-38632998.94,156733571.83,,,357518810.91,9195926.5,105262795.21,2.594,7444902.29,1110116.71,10939.9,149910357.67,171635615.31,,,挂牌前,-5
834937.OC,2010,2016-01-07,东北证券股份有限公司,非高新产业区,仪器仪表制造业,,2016,1,晨辉科技,16521139.7,2362276.54,13579284.17,11065779.24,20466,2440196.14,-5238.94,467739.85,,,-499166.75,2609452.1,3980501.87,2.8312,268813.93,,-119879.7,3132488.72,-4411214.43,,,挂牌前,-5
834994.OC,2010,2016-01-27,招商证券股份有限公司,非高新产业区,化学原料和化学制品制造业,,2016,1,金象赛瑞,2645802213.48,908473400.94,1618516893.84,1193250884.92,25431441.92,74191988.64,36387100.8,263226210.08,,,349845057.94,66190449.52,1273736924.96,11.1063,162484549.12,1757343.17,-27862184.74,-196054686.57,81267749.76,,,挂牌前,-5
835024.OC,2005,2015-12-14,招商证券股份有限公司,非高新产业区,农业,,2015,12,七彩云南,,,279490000,,,,,,,,,,,,,,,,,,,挂牌前,-7
835024.OC,2006,2015-12-14,招商证券股份有限公司,非高新产业区,农业,,2015,12,七彩云南,,,391684200,,,,,,,,,,,,,,,,,,,挂牌前,-6
835024.OC,2007,2015-12-14,招商证券股份有限公司,非高新产业区,农业,,2015,12,七彩云南,,,382230000,,,,,,,,,,,,,,,,,,,挂牌前,-5
835025.OC,2009,2016-01-08,华福证券有限责任公司,非高新产业区,农业,,2016,1,农凯股份,16697343.19,4529779.41,3539464.07,3091852.79,264380.24,581165.76,69130.45,-470220.59,,,3998031.3,469730,6803678.97,-2.8161,62164.53,,-1171213.38,-2661948.04,8167563.78,,,挂牌前,-6
835025.OC,2010,2016-01-08,华福证券有限责任公司,非高新产业区,农业,,2016,1,农凯股份,32273073.21,6754456.46,13487707.86,8297083.34,1522933.98,702164.22,722715.14,2224677.05,,,-5938386.61,5698752.94,9147290.01,9.0858,633695.99,,-1859566.78,-4011424.99,-3648947.03,,,挂牌前,-5
835042.OC,2009,2016-01-11,太平洋证券股份有限公司,非高新产业区,金属制品、机械和设备修理业,,2016,1,中加飞机,25205699.75,21722968.16,1493656,952491.88,2679.63,2714346.46,46403.73,-2370812.47,,,2745158.71,1683865.17,18244085.48,-9.4059,868433.59,139004.32,-317480,3181280.82,834293.45,,,挂牌前,-6
835042.OC,2010,2016-01-11,太平洋证券股份有限公司,非高新产业区,金属制品、机械和设备修理业,,2016,1,中加飞机,32877313.52,24597373.43,4994697,1581950.94,388779.93,2066452.23,328579.4,2874405.27,,,-190586.15,1587757.62,19486871.72,9.8976,1176618.97,139004.32,-1737388.26,-4685487.4,1606860.09,,,挂牌前,-5
835068.OC,2009,2016-01-11,中信建投证券股份有限公司,非高新产业区,畜牧业,,2016,1,星源农牧,57668624.68,31427157.39,34954755,27823535.86,51872.1,992038.87,,6878653.79,,,4907822.88,215224,27827882.66,11.9279,2531226.16,,521960.88,-463064,-4116609,,,挂牌前,-6
835068.OC,2010,2016-01-11,中信建投证券股份有限公司,非高新产业区,畜牧业,,2016,1,星源农牧,61976527.74,41772162.66,51079472.4,40097503.59,42736,1775459.92,327.5,11801466.83,,,5171638.64,719388.83,26785136.09,19.7274,4413297.25,,-957679.58,-1428164.83,-7000526.74,,,挂牌前,-5
835152.OC,2009,2015-12-25,中信建投证券股份有限公司,西安高新区,软件和信息技术服务业,,2015,12,未来国际,345060685.83,125825035.07,124790048.51,55156196.05,2060263.28,19083924.77,7212584.58,30233591.84,3071849.5,27161742.34,68095211.4,25041731.96,110972662,8.705,,,,,,,,挂牌前,-5
835159.OC,2008,2016-02-04,海通证券股份有限公司,非高新产业区,纺织服装、服饰业,,2016,2,兴诺科技,10758835.91,5379007.73,,,,,,,,,,321775.86,351835.2,,,,,,,,,挂牌前,-7
835159.OC,2009,2016-02-04,海通证券股份有限公司,非高新产业区,纺织服装、服饰业,,2016,2,兴诺科技,22762656.19,12076184.09,60395490.43,46988163.9,2449908.51,1684549.98,140994.96,6697176.36,,,-511117.24,5474744.22,356466.79,39.9575,140135.91,,-1713477.71,-5571587.22,-193356.08,,,挂牌前,-6
835159.OC,2010,2016-02-04,海通证券股份有限公司,非高新产业区,纺织服装、服饰业,,2016,2,兴诺科技,16089732.01,13245101.33,30195824.33,23332872.25,3071404.92,2517417.64,159028.05,1168917.24,,,4516361,1235958.51,1083030.77,6.0172,233820.02,,679268.22,5026940.59,-2341841.42,,,挂牌前,-5
835178.OC,2010,2016-01-04,天风证券股份有限公司,非高新产业区,非金属矿物制品业,,2016,1,武耀股份,281291300,224140600,,,,,,29958500,,,,,,,,,,,,,,挂牌前,-5
835185.OC,2010,2015-12-28,国信证券股份有限公司,非高新产业区,非金属矿物制品业,,2015,12,贝特瑞,764684300,620078800,413706000,,,,,78358400,,,,,,,,,,,,,,挂牌前,-5
835198.OC,2007,2016-01-13,中泰证券股份有限公司,非高新产业区,有色金属冶炼和压延加工业,,2016,1,松竹铝业,22231100,6081200,39398700,37424400,,,,81200,,,4440700,,,0.3653,,,,,,,,挂牌前,-8
835198.OC,2008,2016-01-13,中泰证券股份有限公司,非高新产业区,有色金属冶炼和压延加工业,,2016,1,松竹铝业,54804125.4,8072246.09,103713518.51,94947067.38,1806973.01,2396739.82,490900.05,1991023.36,,,-6798052.15,217215.9,11914150.79,5.1691,383406.04,,-6086617.24,7394764.23,-12356631.23,,,挂牌前,-7
835198.OC,2009,2016-01-13,中泰证券股份有限公司,非高新产业区,有色金属冶炼和压延加工业,,2016,1,松竹铝业,67979936.8,39332164.67,125796750.81,110517768.01,1923292.92,5920256.91,731655.83,5259918.58,,,10355691.16,831223.39,14867252.73,8.5678,1077410.11,,-7436583.77,11199869.35,-726666.39,,,挂牌前,-6
835198.OC,2010,2016-01-13,中泰证券股份有限公司,非高新产业区,有色金属冶炼和压延加工业,,2016,1,松竹铝业,84972266.32,44184609.97,139407811.63,126833476.46,2131502.55,4727971.05,141690.17,4852445.3,,,14722756.6,1224980.63,31709353.23,6.345,1890868.76,,-13004061.54,7865782.5,13391487.36,,,挂牌前,-5
835225.OC,2009,2016-01-06,中信建投证券股份有限公司,中关村科技园区,软件和信息技术服务业,,2016,1,世纪空间,372119990.45,224696458.33,94639444.72,58176204.71,7667832.94,11966257.28,2089429.04,10224163.72,,,29022691.76,5961540,200774524.89,2.8198,3481581.47,,-17508646.8,11171668.88,16735527.07,,,挂牌前,-6
835225.OC,2010,2016-01-06,中信建投证券股份有限公司,中关村科技园区,软件和信息技术服务业,,2016,1,世纪空间,376548256.16,248277825.4,115093514.84,61392164.15,12157560.44,18293047.6,1792843.29,15801141.81,,,-17552364.98,265500,207920434.33,4.308,3461131.35,,-17294236.39,12481102.61,-36642273.22,,,挂牌前,-5
835433.OC,2003,2016-01-14,华泰证券股份有限公司,非高新产业区,零售业,,2016,1,商之都,,,1921320000,,,,,,,,,,,,,,,,,,,挂牌前,-9
835433.OC,2004,2016-01-14,华泰证券股份有限公司,非高新产业区,零售业,,2016,1,商之都,,,3030000000,,,,,,,,,,,,,,,,,,,挂牌前,-8
835433.OC,2005,2016-01-14,华泰证券股份有限公司,非高新产业区,零售业,,2016,1,商之都,,,4554000000,,,,,,,,,,,,,,,,,,,挂牌前,-7
835433.OC,2006,2016-01-14,华泰证券股份有限公司,非高新产业区,零售业,,2016,1,商之都,,,5594000000,,,,,,,,,,,,,,,,,,,挂牌前,-6
835433.OC,2010,2016-01-14,华泰证券股份有限公司,非高新产业区,零售业,,2016,1,商之都,,,9048140000,,,,,,,,,,,,,,,,,,,挂牌前,-5
835568.OC,2009,2016-01-26,广发证券股份有限公司,广州高新区,生态保护和环境治理业,,2016,1,新大禹,,,190000000,,,,,,,,,,,,,,,,,,,挂牌前,-6
835568.OC,2010,2016-01-26,广发证券股份有限公司,广州高新区,生态保护和环境治理业,,2016,1,新大禹,,,255000000,,,,,,,,,,,,,,,,,,,挂牌前,-5
835627.OC,2008,2016-01-20,西南证券股份有限公司,非高新产业区,医药制造业,,2016,1,南松医药,30625811.13,29194893.06,44265315.13,31783263.66,782532.63,6471992,533844.56,5922035.87,,,18088343.39,2521210,5256769.49,19.3367,1056270.2,,902068.8,15932302.41,-5314888.17,,,挂牌前,-7
835627.OC,2009,2016-01-20,西南证券股份有限公司,非高新产业区,医药制造业,,2016,1,南松医药,35324764.5,32464455.16,24520946.64,17274010.45,588008.06,4130009.92,-39466.79,2909562.1,,,1829333.15,4397187.96,4574785.8,8.8235,1066665.07,,3363390.32,-6032996.23,679391.27,,,挂牌前,-6
835627.OC,2010,2016-01-20,西南证券股份有限公司,非高新产业区,医药制造业,,2016,1,南松医药,33431081.11,31737400.27,30467597.42,21980254.79,751394.25,4377685.91,97534.76,4455445.11,,,11848789.87,3196534.46,3862768.37,12.9602,985476.97,,-20907.95,7164821.35,-551911,,,挂牌前,-5
835640.OC,2009,2016-02-03,招商证券股份有限公司,西安高新区,计算机、通信和其他电子设备制造业,,2016,2,富士达,,,200790000,,,,,,,,,,,,,,,,,,,挂牌前,-5
835765.OC,2008,2016-02-02,国都证券股份有限公司,非高新产业区,通用设备制造业,,2016,2,上深股份,18800000,,28030000,,,,,,,,,,,,,,,,,,,挂牌前,-7
835765.OC,2009,2016-02-02,国都证券股份有限公司,非高新产业区,通用设备制造业,,2016,2,上深股份,24850000,,35080000,,,,,,,,,,,,,,,,,,,挂牌前,-6
835765.OC,2010,2016-02-02,国都证券股份有限公司,非高新产业区,通用设备制造业,,2016,2,上深股份,32010000,,32640000,,,,,,,,,,,,,,,,,,,挂牌前,-5
835776.OC,2008,2016-02-29,招商证券股份有限公司,非高新产业区,化学原料和化学制品制造业,,2016,2,招金励福,342458844.42,205660940.53,3374840166.98,3281969615.08,14105485.3,13139327.86,15870668.01,42734837.13,-132874.16,42867700,63392228.25,100780207.74,32935035.89,12.3626,,,,,,,,挂牌前,-5
835891.OC,2007,2016-03-15,安信证券股份有限公司,中关村科技园区,软件和信息技术服务业,,2016,3,侏罗纪,31183312.83,20704215.45,31416987.74,7537555.97,2623384.59,8602744.31,-9296.58,9456088.28,2774128.52,6681959.76,1160351.83,17843454.58,2337161.47,30.3242,,,,,,,,挂牌前,-5
835951.OC,2006,2016-02-29,中国银河证券股份有限公司,中关村科技园区,专用设备制造业,,2016,2,科净源,42124449.9,21395866.72,30197474.72,14213905.04,6736296.63,5244899.67,204362.6,2601663.74,-175179.48,2776843.22,1449104.09,23142470.64,281963.47,6.1761,67600,,-1570600,5092900,-5881600,,,挂牌前,-5
836119.OC,2008,2016-03-23,东兴证券股份有限公司,中关村科技园区,计算机、通信和其他电子设备制造业,,2016,3,朝歌科技,166114261,78249994.81,199186121.02,146326988.47,7369547.57,14470193.07,2372933.46,23316308.97,454953.76,22861355.21,-49359629.76,28387463.56,8515185.63,14.0363,,,,,,,,挂牌前,-5
836153.OC,2008,2016-03-21,招商证券股份有限公司,中关村科技园区,航空运输业,,2016,3,明邦物流,,,260100000,,,,,,,,,,,,,,,,,,,挂牌前,-5
836214.OC,2009,2016-04-05,长江证券股份有限公司,济宁高新区,通用设备制造业,,2016,4,泰丰液压,104323409.97,42267518.68,109789939.5,78210655.6,2231285.67,11898430.37,226360.98,14502295.78,596100,13906200,9150504.69,28533546.52,32789065.02,13.9013,,,,,,,,挂牌前,-5
836242.OC,2007,2016-03-11,广州证券股份有限公司,非高新产业区,水的生产和供应业,,2016,3,顺控发展,597207705.3,29548835.67,244659832.36,154598755.21,18469899.09,17923953.81,29763530.03,19723588.14,,,,3290316.4,392800580.16,3.3026,,,,,,2012-03-19,2007-12-31,挂牌前,-8
836242.OC,2008,2016-03-11,广州证券股份有限公司,非高新产业区,水的生产和供应业,,2016,3,顺控发展,697190658.9,37918769.94,238690219.2,149850724.73,14662217.96,19924439.88,29630996.96,13776197.04,,,170548945.86,2099893.07,412846523.92,2.1286,47682005.34,53525.43,-4386716.34,-71251910.75,151383511.81,2012-03-19,2008-12-31,挂牌前,-7
836242.OC,2009,2016-03-11,广州证券股份有限公司,非高新产业区,水的生产和供应业,,2016,3,顺控发展,2972182484.63,1955806566.81,248569703.62,166171255.17,18288240.81,26002188.15,31401585.56,6133565.52,,,402203223.98,2225009.31,964267038.77,0.3343,50049883.59,429135.8,9966634.51,-31668960.08,332831268,2012-03-19,2009-12-31,挂牌前,-6
836242.OC,2010,2016-03-11,广州证券股份有限公司,非高新产业区,水的生产和供应业,,2016,3,顺控发展,3047220734.66,1579646713.49,450686306.9,302424665.34,26211131.18,45734640.07,30811409.78,35914984.11,,,198659049.93,45948552.55,1147989818.18,1.1933,80986871.98,989974.07,-44601095.42,-65011251.14,129738687.59,2012-03-19,2010-12-31,挂牌前,-5
836612.OC,2010,2016-04-14,东北证券股份有限公司,非高新产业区,化学原料和化学制品制造业,,2016,4,瑞博龙,23103263.25,9413221.67,30792799.83,23429980.34,,,,1328632.98,,,5044055.31,,,5.7508,,,,,,,,挂牌前,-5
836807.OC,2009,2016-04-20,海通证券股份有限公司,非高新产业区,非金属矿物制品业,,2016,4,奔朗新材,281731275.96,149377468.54,352433510.64,248230844.85,18772178.11,34349245.31,4171894.74,39536697.71,2001191.71,37535506,76619408.34,85330990.83,65922650.45,14.0335,,,,,,,,挂牌前,-5
836853.OC,2007,2016-04-21,东北证券股份有限公司,非高新产业区,化学原料和化学制品制造业,,2016,4,海王股份,455898956.72,221653913.99,822824299.65,660072650.02,26797697.12,30171214.22,8939149.17,55592858.6,,,21311241.46,85220089.78,118490899.55,,,,,,,,,挂牌前,-8
836853.OC,2008,2016-04-21,东北证券股份有限公司,非高新产业区,化学原料和化学制品制造业,,2016,4,海王股份,513862084.52,278289850.65,965267822.99,759366618.29,21646800.26,53319671.15,13963600.97,66363269.91,,,179148239.85,54652089.96,125965711.95,13.6865,,,,,,,,挂牌前,-7
836853.OC,2009,2016-04-21,东北证券股份有限公司,非高新产业区,化学原料和化学制品制造业,,2016,4,海王股份,594316409.82,388051034.09,1106613026.24,874123171.05,31716351.28,58662826.98,14640274.31,75667384.14,,,81112032.86,51185341.9,153869034.3,13.6562,,,,,,,,挂牌前,-6
836853.OC,2010,2016-04-21,东北证券股份有限公司,非高新产业区,化学原料和化学制品制造业,,2016,4,海王股份,849528599.32,517862292.35,1548512741.54,1178355584.11,63500902.09,80851987.39,16229552.83,131982943.63,,,135107077.06,82193042.51,230068213.31,18.2821,,,,,,,,挂牌前,-5
836892.OC,2009,2016-04-26,安信证券股份有限公司,非高新产业区,专业技术服务业,,2016,4,广咨国际,138000000,28000000,98000000,,,,,,,,,,,,,,,,,,,挂牌前,-5
836980.OC,2007,2016-04-20,华林证券有限责任公司,非高新产业区,通用设备制造业,,2016,4,津荣天宇,106086432.43,47053057.36,129005644.68,100398605.89,1331422,13245157.68,588945.12,10328407.66,,,425287.05,27241418.81,16330907.52,10.7251,,,,,,,,挂牌前,-8
836980.OC,2008,2016-04-20,华林证券有限责任公司,非高新产业区,通用设备制造业,,2016,4,津荣天宇,135390278.73,62261078.16,200351524.87,163521345.81,2865723.73,13549477.97,1275498.54,13567442.02,,,25732698.23,25406226.61,16886302.52,11.7925,,,,,,,,挂牌前,-7
836980.OC,2009,2016-04-20,华林证券有限责任公司,非高新产业区,通用设备制造业,,2016,4,津荣天宇,169280313.08,84655415.46,198268939.84,158938689.55,2685773.79,17320406.44,1541960.04,17451306.75,,,965002.96,42343243.11,49733572.94,11.5805,,,,,,,,挂牌前,-6
836980.OC,2010,2016-04-20,华林证券有限责任公司,非高新产业区,通用设备制造业,,2016,4,津荣天宇,215461723.48,105897103.12,305641806.75,242867781.39,5083097.64,25846705.1,1576478.44,27063698.84,,,10456831.85,63175856.91,52403196.7,14.1516,,,,,,,,挂牌前,-5
837053.OC,2006,2016-04-25,中信证券股份有限公司,非高新产业区,化学原料和化学制品制造业,,2016,4,华烁科技,200467815.59,100661646.99,218931786.63,187678845.53,2668478.09,24325825.15,5738780.83,8281023.29,,,,29114561.45,84853225.56,,,,,,,,,挂牌前,-9
837053.OC,2007,2016-04-25,中信证券股份有限公司,非高新产业区,化学原料和化学制品制造业,,2016,4,华烁科技,232280120.24,118477785.59,234085948.14,200605657.64,1481567.34,29820495.5,7392805.18,5142835.14,,,9699146.59,39912470.81,79479883.28,2.3768,,,,,,,,挂牌前,-8
837053.OC,2008,2016-04-25,中信证券股份有限公司,非高新产业区,化学原料和化学制品制造业,,2016,4,华烁科技,347816920.68,136688758.92,25597318.24,19048733.29,206192.8,4794415.64,1207032.03,2667979.8,,,-8957689.03,70359593.16,94811654.54,0.9198,1450303.79,,130279.84,505547.42,-12559360.4,,,挂牌前,-7
837053.OC,2009,2016-04-25,中信证券股份有限公司,非高新产业区,化学原料和化学制品制造业,,2016,4,华烁科技,466477381.61,184826110.33,276368170.41,215980632.58,1004439.72,23849326.83,10887323.48,26897691.99,,,1531692.2,99532780.69,108034048.93,6.6064,9561650.12,,-12211140.42,-44772543.13,4563304.89,,,挂牌前,-6
837053.OC,2010,2016-04-25,中信证券股份有限公司,非高新产业区,化学原料和化学制品制造业,,2016,4,华烁科技,554976766.94,201891430.84,338728955.92,258732106.69,7007970.46,40704299.8,14558948.5,61891435.11,,,24134075.24,129991265.46,107107330.44,12.1183,9200538.1,,511895.7,-29148088.38,10098439.7,,,挂牌前,-5
837097.OC,2009,2016-04-26,东北证券股份有限公司,非高新产业区,文教、工美、体育和娱乐用品制造业,,2016,4,远东股份,52157883.63,27649154.43,14342070.03,9030689.31,145313.6,709533.38,115032.94,3989163.77,,,-4715525.17,900696.9,29368548.15,7.6482,,,,,,,,挂牌前,-5
